time,dist,area
1,5.099019514,50
2,-5.099019514,39
2,4,51
3,4.123105626,57
3,-5.099019514,44
4,4.472135955,57
4,-6.08276253,51
5,-5.099019514,64
5,6,64
6,5,64
6,-6,57
7,-6,71
7,5.099019514,57
8,-7.071067812,79
8,5,57
9,5.099019514,50
10,5,50
10,-4.123105626,39
11,-4.123105626,44
11,5,57
12,5.099019514,57
12,-6.08276253,51
13,-6.08276253,57
13,4,63
14,-6.08276253,71
14,5,63
15,5,71
15,-5.099019514,64
16,5,64
16,-6.08276253,71
17,5,50
17,-3.16227766,19
18,4,57
18,-4,39
19,5.099019514,57
19,-5.099019514,57
20,4,57
20,-6,51
21,-5.099019514,71
21,6.08276253,64
22,6.08276253,71
22,-5.099019514,64
23,6,78
23,-5.099019514,64
24,5.099019514,63
24,-7.071067812,63
25,5.099019514,50
25,-3.16227766,24
26,6,55
26,-3,39
27,5.099019514,63
27,-5.099019514,51
28,5.099019514,57
28,-5,57
29,5.099019514,63
29,-5.099019514,63
30,6.08276253,71
30,-5.099019514,71
31,6.08276253,71
31,-5.099019514,87
32,5,78
32,-6,71
33,5.099019514,57
33,-5,70
34,5,55
34,-5.099019514,44
35,5,63
35,-5.099019514,57
36,-5.099019514,64
36,5,63
37,5.099019514,63
37,-6.32455532,71
38,-7.071067812,79
38,5,71
39,-6.08276253,87
39,5.099019514,71
40,-6.08276253,87
40,6,71
41,4.123105626,63
41,-8.062257748,71
42,6,50
42,-3,33
43,5.099019514,63
43,-4.472135955,39
44,5.099019514,63
44,-6.08276253,57
45,5,63
45,-6,51
46,6.08276253,63
46,-5.099019514,71
47,-6.32455532,71
47,5.099019514,71
48,4.123105626,63
48,-8.062257748,78
49,6.08276253,50
49,-2.236067977,19
50,5.099019514,57
50,-4.123105626,39
51,5.099019514,71
51,-5.099019514,57
52,-6.08276253,71
52,5,63
53,-7.071067812,71
53,5,63
54,6.08276253,71
54,-7.071067812,71
55,6,71
55,-6,71
56,5.385164807,79
56,-6.08276253,87
57,6,63
57,-6.08276253,63
57,-3,29
58,6.32455532,78
58,-5.385164807,44
59,6.08276253,64
59,-4.123105626,44
60,6.08276253,63
60,-4.123105626,57
61,6.08276253,71
61,-5.099019514,57
62,7.071067812,64
62,-5.099019514,57
63,6.08276253,79
63,-5.385164807,71
64,6.08276253,79
64,-6.08276253,71
65,5.099019514,57
65,-6.08276253,70
66,5,57
66,-3,39
67,6.32455532,64
67,-5.385164807,44
68,7,71
68,-5.099019514,51
69,5,79
69,-5,57
70,7.280109889,71
70,-5.099019514,64
71,6.08276253,79
71,-5.385164807,64
72,6.08276253,79
72,-6.08276253,71
73,6.08276253,78
74,6,71
74,-2,33
75,7.071067812,71
75,-4.123105626,44
76,6.08276253,71
76,-5.099019514,51
77,6.08276253,78
77,-6,71
78,6,79
78,-6.08276253,71
79,7.071067812,79
79,-6.32455532,71
80,7.071067812,87
80,-6.08276253,85
81,7,96
81,-6.08276253,95
82,6.08276253,79
82,-7.071067812,87
83,7.071067812,71
83,-2.236067977,24
84,6.32455532,87
84,-4.123105626,44
85,7,79
85,-4.123105626,44
86,7,71
86,-5,57
87,6,79
87,-6,71
88,6.08276253,79
88,-6.08276253,71
89,7,87
89,-5,87
90,7.071067812,96
90,-7.071067812,95
91,7,87
91,-7,95
92,6.08276253,79
93,7.071067812,79
93,-2.236067977,38
94,7.071067812,79
94,-2.236067977,44
95,7.071067812,71
95,-4.123105626,44
96,6.08276253,79
96,-5.099019514,51
97,7.071067812,79
97,-5.099019514,51
98,6.32455532,71
98,-6.08276253,51
99,7.071067812,79
99,-5.099019514,64
100,7.071067812,96
100,-6.08276253,71
101,7.071067812,87
101,-5,87
102,8,87
102,-6,79
103,8.062257748,79
103,-6,79
104,7,78
104,-2,39
105,6.08276253,78
105,-4.123105626,38
106,7.071067812,78
106,-4.472135955,44
107,7.071067812,78
107,-5.099019514,63
108,7.071067812,87
108,-6.08276253,71
109,6.08276253,87
109,-6.08276253,85
110,7.280109889,79
110,-6.32455532,85
111,7.071067812,79
111,-6.08276253,95
112,7.280109889,87
112,-6.08276253,103
113,7.280109889,87
113,-6.08276253,85
114,8.062257748,96
114,-6,87
115,7.280109889,87
115,-7,118
116,7.280109889,87
116,-7,121
117,7,114
118,8.062257748,104
119,7.071067812,104
120,8.062257748,96
121,8.062257748,87
121,-2,33
122,8.246211251,79
122,-4.472135955,50
123,8,96
123,-5,57
124,9.055385138,87
124,-6.08276253,63
125,9.055385138,96
125,-6.08276253,76
126,8.062257748,96
126,-6.08276253,78
127,9.219544457,96
127,-6.32455532,92
128,7.071067812,104
128,-6.08276253,103
129,8.246211251,104
129,-6.32455532,92
130,8.062257748,104
130,-6.08276253,103
131,-8.544003745,95
131,7.071067812,104
132,-9.219544457,95
132,6,95
133,8.246211251,104
133,-8,85
134,-12.52996409,78
134,-9.486832981,85
134,8.062257748,96
135,8.062257748,96
135,-1,29
136,8.246211251,96
136,-3.16227766,44
137,8.062257748,96
137,-3.16227766,50
138,8,96
138,-4.123105626,44
139,8,104
139,-5.099019514,50
140,9.055385138,87
140,-5.385164807,50
141,8.062257748,87
141,-7.071067812,63
142,8,95
142,-7,63
143,8.062257748,95
143,-6.08276253,70
144,9.055385138,96
144,-7.071067812,78
145,9,87
145,-7.071067812,71
146,9.219544457,96
146,-7.615773106,85
147,-7.615773106,95
147,8.062257748,95
148,-7.615773106,95
148,9.055385138,96
149,9.055385138,96
149,-8.246211251,85
150,-9.055385138,103
150,7.071067812,95
151,8.062257748,104
151,-7,95
152,-7.071067812,95
152,10.04987562,103
153,-6.08276253,103
153,10.04987562,95
154,9.219544457,104
154,-8.246211251,85
155,9.055385138,104
155,-7,95
156,9.055385138,113
156,-8,103
157,9.055385138,121
157,-7.071067812,103
158,9.055385138,121
158,-7,110
159,10.04987562,130
159,-6.08276253,103
160,11.04536102,110
160,-7.071067812,121
161,9.055385138,121
161,-9.055385138,99
162,12,184
163,13,180
164,13,170
165,14.03566885,189
166,15.03329638,231
167,14,231
168,18.02775638,314
169,18.02775638,308
170,19.10497317,252
171,17,236
172,17,220
173,17,220
174,20.22374842,241
175,20.09975124,241
175,5,78
176,21.09502311,202
176,4,87
177,20.02498439,241
177,4,79
178,19.02629759,227
178,4.123105626,79
179,18,241
179,2.828427125,85
180,19,239
180,3.16227766,85
181,18,227
181,2.236067977,99
182,21.21320344,239
182,4.123105626,121
183,3.605551275,99
183,21.37755833,189
183,25.29822128,154
184,0,0
185,0,0
186,0,0
187,0,0
188,0,0
189,0,0
190,0,0
191,0,0
192,0,0
193,0,0
194,3,57
195,3,51
196,-5.099019514,44
196,4,57
197,-7.071067812,51
197,3.16227766,57
198,-6.08276253,57
198,4,57
199,-6.08276253,57
199,4,57
200,-7.071067812,57
200,4,51
201,-6.08276253,51
201,5,79
202,-6.32455532,64
202,5.099019514,78
203,-8.544003745,57
203,5.385164807,64
204,-6.08276253,57
204,6,64
205,-8.062257748,63
205,5,64
206,-7.615773106,64
206,-6.08276253,50
206,5,57
207,4,57
207,-6.08276253,44
208,4.123105626,63
208,-7.071067812,51
209,5,57
209,-6,51
210,-7.071067812,71
210,4,64
211,-6.08276253,71
211,5.099019514,64
212,-7,63
212,5.099019514,64
213,-7.071067812,63
213,5.099019514,64
214,5,63
215,6,44
215,-3,24
216,5,57
216,-4,39
217,5,44
217,-5,39
218,5.099019514,63
218,-6,44
219,6,50
219,-6.08276253,51
220,6,78
220,-4,57
221,7.280109889,78
221,-4.123105626,44
222,6,71
222,-7.071067812,57
223,6.08276253,64
224,6.08276253,64
225,6,50
225,-3,28
226,6,50
226,-5,33
227,5.099019514,57
227,-4.123105626,39
228,5,51
228,-5,44
229,4,79
229,-6,57
230,6,71
230,-6.08276253,57
231,5,79
231,-6.08276253,64
232,6.08276253,79
232,-6.32455532,71
233,6.08276253,64
233,-7.071067812,51
234,6.08276253,64
235,5.385164807,57
235,-3.605551275,28
236,6,63
236,-3,33
237,5.385164807,57
237,-5.099019514,44
238,6.08276253,57
238,-5,51
239,5.385164807,57
239,-5.099019514,44
240,6.08276253,71
240,-5.099019514,51
241,-7,79
241,5,79
242,-6.08276253,71
242,5,79
243,6.08276253,87
243,-6.08276253,79
244,-6,71
244,6,79
245,7.071067812,71
245,-1.414213562,29
246,7,71
246,-2,33
247,7,71
247,-2,33
248,7,71
248,-3.16227766,44
249,6.32455532,64
249,-4.123105626,44
250,6,71
250,-4.123105626,44
251,6.32455532,64
251,-5.385164807,44
252,6,79
252,-5.099019514,64
253,-5.385164807,64
253,7.071067812,87
254,6.32455532,71
254,-6.32455532,71
255,7.280109889,78
255,-5.385164807,64
256,-5.099019514,64
256,6,79
257,6,87
257,-5.099019514,64
258,6.08276253,87
259,6.08276253,87
260,7,87
261,7.280109889,79
262,6.32455532,79
263,7.280109889,79
263,-3.16227766,38
264,7.071067812,64
264,-3.16227766,39
265,7.280109889,79
265,-3.605551275,44
266,6.32455532,79
266,-4.472135955,44
267,6.08276253,71
267,-5.099019514,44
268,7.280109889,79
268,-3.605551275,44
269,7.280109889,79
269,-4.472135955,64
270,8.062257748,87
270,-4.123105626,57
271,5.099019514,104
272,6.08276253,96
273,5.385164807,96
274,6.08276253,96
275,6.32455532,104
276,6.08276253,104
277,6.08276253,87
278,5.099019514,104
279,5.099019514,104
280,5.099019514,104
281,5.099019514,104
282,6.08276253,104
283,5,95
284,6,95
285,6.08276253,87
286,7,96
287,6.08276253,104
288,6.08276253,104
289,6.08276253,104
290,7.071067812,96
291,7.071067812,104
292,7,96
293,6,113
294,7,114
295,6.08276253,104
296,6,104
297,6.08276253,104
298,7.071067812,96
299,7.071067812,104
300,7.071067812,104
301,6,104
302,7.071067812,95
303,7,114
304,7,104
305,7,113
306,7,114
307,7.071067812,113
308,8.062257748,104
309,8.062257748,96
310,7,114
311,8,104
312,8,96
313,8.062257748,104
314,8,104
315,8,114
316,7,114
317,8.062257748,114
318,8.246211251,104
319,7,114
320,8.062257748,123
321,8.062257748,104
322,8,123
323,8.062257748,113
324,8.062257748,104
325,7.071067812,104
326,8,104
327,7,114
328,7.071067812,113
329,8.062257748,113
330,7,123
331,8.062257748,104
332,8.062257748,113
333,8.062257748,113
334,7.071067812,104
335,8.062257748,113
336,9.055385138,113
337,8,123
338,8.062257748,113
339,9.055385138,113
340,8,123
341,7,104
342,8.062257748,113
343,8.246211251,113
344,8.062257748,113
345,8.062257748,113
346,7.071067812,104
347,8.062257748,113
348,7,104
349,7.071067812,104
350,8.062257748,104
351,8.062257748,113
352,8,113
353,7.071067812,104
354,8.062257748,113
355,8.062257748,113
356,8.062257748,104
357,9.055385138,123
358,8,104
359,7.280109889,104
360,8.062257748,104
361,8,104
362,8,113
363,9.055385138,104
364,7.071067812,104
365,8,104
366,8.246211251,104
367,8.062257748,113
368,8.062257748,113
369,8.062257748,113
370,8,123
371,8,123
372,8.246211251,121
373,8.062257748,123
374,8.062257748,113
375,9.055385138,113
376,7,104
377,9.055385138,123
378,8.062257748,104
379,9.055385138,113
380,9.055385138,113
381,9.055385138,113
382,9.055385138,113
383,9,104
384,8,104
385,9.219544457,113
386,9,103
387,8.062257748,113
388,9.055385138,113
389,9.055385138,113
390,9.055385138,113
391,8,113